cleaned_review,sentiment
yet tried listened good quality others,Positive
cooperative staff,Positive
nice one location available parking staff behavior great,Positive
nice place shopping,Positive
nice branch al karam,Positive
great stuff nice collection,Positive
good place shopping,Positive
wonderful design collection stiched unstiched stuff,Positive
nice tool find anything,Positive
good expensive,Positive
official franchise types stuff new volumes available,Positive
superb place shoping clothing,Positive
best seller,Positive
nice clothing,Positive
clothe store fixed prices brand store,Positive
quite great,Positive
amazing,Positive
nice,Positive
retail store,Neutral
best,Positive
nice place shop,Positive
good store clothes age groups variety persons less yrs central location,Positive
nice place upto mark,Neutral
good place kids shopping,Positive
good service normal quality brand,Neutral
staff friendly little bit expensive,Neutral
easy shopping,Positive
articles available stock limited,Negative
good experience,Positive
excellent,Positive
exellent shoping place ready made garments,Positive
bad,Neutral
good quality,Positive
good garments,Positive
best store town,Positive
amazing staff amazing clothing,Positive
good quality shirts garments also economical brands,Positive
good place ladies gents stitch cloths,Positive
great brand reasonable price good quality,Positive
visited outlet weak sale suppose shirt sale tag claiming make sense,Negative
nice place shopping,Positive
much variety jeans,Negative
fevourite brand,Positive
shopping save,Neutral
nice,Positive
good shop,Positive
good,Positive
good,Positive
good prices little bit high,Neutral
great place shopping,Positive
awesome brand good quality,Positive
love visit charcoal outlet quality always according expectation,Positive
high prices shirt pkr,Negative
shirt quility v good,Positive
flat days,Positive
limited edition,Negative
great brand formal suiting specially branchs staff behavior really awesome,Positive
products well expensive,Neutral
less variety compared charcoal outlet manageable fairly priced cooperative staff,Neutral
bwp charcoal outdated stock photography,Neutral
excellent quality fabric stitching design prices almost doubled compared last year,Neutral
gentle man place,Positive
recommended mens wear,Positive
fabric quality good nice u r looking formal suiting,Positive
good sale,Neutral
good quality clothing,Positive
quality good prices also higher,Neutral
quality good stuff,Positive
charcoal nice brand think little bit costly,Neutral
good fabric garments,Positive
contact number,Negative
outclass,Positive
costly nice brand,Neutral
nice colthes,Positive
device store,Neutral
good expensive clothes,Neutral
rates high,Negative
nice formal dresses,Positive
nice fabric charcoal,Positive
nice shop,Positive
nice place,Positive
expensive suits,Negative
good one,Positive
good,Positive
men clothing,Neutral
good,Positive
good quality,Positive
super,Positive
good quality,Positive
good variety,Positive
brand wears costly fine,Neutral
great,Positive
average shop,Neutral
clothing,Neutral
excellent,Positive
good,Positive
amazing place,Positive
good mall,Positive
one fav malls growing maturity,Positive
found better many shopping malls city even today since inauguration,Positive
nice store,Positive
supportive staff satisfied dealing customer,Positive
good store kids dresses,Positive
one favorite brand,Positive
get clothing home decor discounted prices,Neutral
liked brand,Positive
quality shopping great addition city first chain business,Positive
best local brand international standards expensive one,Positive
nice shopping area decent atmosphere quality garments class,Positive
good place shop staff cooperative,Positive
good place window shopping,Positive
good shopping point,Positive
ideal whenever need park car go,Neutral
much productive store terms variety compared outlets,Negative
love shop branded available,Positive
amazing collection quality products favorites place shop,Positive
nice shopping place,Positive
good place shoping,Positive
well known clothing bedding furniture outlet lot money waste waist bcoz products good prices much high even discount seems higher,Negative
ok,Neutral
good product much expansive,Neutral
nice place,Positive
nice place shopping,Positive
unnecessarily expensive,Negative
nice place shopping,Positive
expensive better stuff,Positive
good,Positive
good one,Positive
good place shopping,Positive
good visit,Positive
quality items reasonable prices,Positive
good,Positive
nice great,Positive
good shoping place expensive,Positive
yeah cool shopping,Positive
product reliable prices much high,Negative
nice place shopping related required babay families shopping,Positive
nice infirming online orders,Negative
competitive elegant setup,Positive
good experience,Negative
nice place chen one brand atoms availables,Positive
chen one first brands outlet mall sargodha shopping centre almost major clothing essential shops mini jas opened outlet recently good place,Neutral
good,Positive
dont know shop exist havent heard good thing even didnt sweaters jackets winter technology impressive,Negative
much expensive compared products value,Negative
satisfied,Positive
best shopping mall bwp,Positive
best place family shopping,Positive
great,Positive
chenone one expensive good brand,Neutral
great experience,Positive
nice place,Positive
great place variety options,Positive
nice collection men dressing,Positive
really loved,Positive
good place,Positive
things found,Neutral
mall soo good,Positive
good stuff designs variety,Positive
reasonably good store chen one bahawal pur,Neutral
prices quite high outfits though stuff also compromised,Negative
nice place cloths shopping,Positive
one worst brand per quality products bought stuff month got faded upon asking told sir black colour know black got faded,Negative
good place shop nice quality clothes fashion stuff,Positive
complete store vriety,Positive
brand going day day term business,Positive
cheap,Positive
mens wearing got many choices,Positive
quality,Positive
bridal thing avialable less price,Positive
located mta increases grace city,Positive
gentle man choice,Positive
nice place,Positive
good shopping clothes apperall,Positive
good place shop,Positive
nice things discounted rates,Positive
fabric quality outstanding,Positive
side py hy baki brands k sth hona chaheay,Negative
great opportunity shopping,Positive
shop wonderfull,Positive
posh shopping mall bahawalpur,Positive
excellent,Positive
awesome,Positive
price high quality awesome,Neutral
nice shopping mall affordable prices,Positive
good best,Positive
good store shopping many brands available,Positive
good place well maintained outlet,Positive
brand shop good quality stuff,Positive
variety compared branches lahore multan,Negative
recomend,Negative
good place shopping,Positive
shopping mall best food available,Positive
good experience outlet staff cooperative,Positive
good shopping mall,Positive
standard high prices compared stuff design,Neutral
great place good variety,Positive
really bad quality,Negative
regular customer visited chen one family days ago turned shame stupid drunk security guard humiliated horrible threatening attitude parking issue wast fault,Negative
good place shopping,Positive
average clothes priced sometimes quality bad,Negative
good outletscomapring multan chenone tower,Positive
good stuff costly,Neutral
excellent products,Positive
best,Neutral
came family refused entrance said ladies said wait outside,Negative
nice place,Positive
expensive cheaper better stuff available brands,Negative
nice shopping place,Positive
good sale time,Neutral
superb place,Positive
experience,Negative
good,Positive
bahawalpur good shopping mall,Positive
buy anything need,Neutral
shopping lot,Neutral
nice shop,Positive
good place shopping,Positive
shoping,Positive
nice expensive,Neutral
enough variety,Negative
best quality products,Positive
nice place shopping,Positive
wonderful,Positive
poor dealing,Negative
awesome,Positive
place shopping brands cloth shoes cosmetic etc middle standard people,Negative
good entry,Positive
much price,Negative
new designs,Negative
nice collection,Positive
high price clothing shopping store,Positive
little bit expensive,Negative
good addition bahawalpur,Positive
found nothing wanted buy less range prices werent suitable,Negative
ok,Neutral
economical,Negative
high shopping center,Positive
one roof quality,Positive
cheneone outlet bahawalpur,Positive
moderate store expensive,Neutral
low cost products useless,Negative
good store,Positive
classy place,Positive
much expensive,Negative
loved,Positive
good,Positive
brand types clothing one roof,Positive
gud fir level shopping,Positive
good clothing,Positive
love shopping,Positive
nice,Positive
chen one reduced quality,Negative
cool,Positive
nyc shopping,Positive
good,Positive
level place shopping,Positive
shoping mall,Positive
brand lovers,Positive
high prices,Positive
brand shop,Positive
great,Positive
best prices,Positive
good,Positive
good costly,Neutral
nice,Positive
ok,Neutral
good,Positive
good,Positive
expensive,Negative
nice,Positive
shopping clothing,Positive
one,Positive
good clothing brand families,Positive
used variety things longer therecost much please improve,Negative
chenone expensive never compromised qualitygood products place sale end season brought good things,Positive
rate enough,Negative
best,Positive
priced af useless collection,Negative
great,Positive
superb,Positive
visited buy neck scarf didnt still attended courteous enough guide find nearby store accessibility issue hopefully attendees help visitors,Positive
nice place shopping,Positive
good verity excellent collection expressive,Neutral
one best shopping store affordable prices reacable,Positive
good visit enjoy suiting nominal price,Positive
staff responsive forthcoming experience good strongly recommended,Positive
nice store manager replaced clue customer service bad temperament ethics,Negative
good outlet big cities ie lahore islamabad staff need trainings opinion,Neutral
diner store conatains good stuff clothes also contains nice shoes,Positive
great store area,Positive
best shirts trousers available,Positive
good point,Positive
first visit looking good place shopping,Positive
quality stuff acceptable,Neutral
nice place visit quite large verity gents piece tshirts,Positive
good prices high,Neutral
love one,Positive
three piece suit best place,Positive
good clthing,Positive
good bt costly products,Neutral
good quality stuff,Positive
best clothing brand,Positive
nice clothes,Positive
great,Positive
good store wears,Positive
good stuff,Positive
wearables available good quality normal price,Positive
cheap good stuff dtore,Positive
good collection,Positive
pretty cool,Positive
simply store shopping,Positive
products good costly prices reduced,Neutral
well known brand awsum quality utfit,Positive
limited stocks,Negative
another diner clothing store franchise bahawalpur one interested quality clothing visit store recommend,Positive
customer oriented check budget entering nice clothing available,Neutral
one best brand gents suiting heavy pocket,Neutral
nice place,Positive
nice expensive clothes,Neutral
one leading clothing brands entertaining variety,Positive
multi variety store,Positive
cloths shoping easy,Positive
nice place taste got looking simple jeans,Positive
nice,Positive
limited stock availability,Negative
nice experience thy nice collection high quality,Positive
loves shop always,Positive
nice staff behavior,Positive
best collection full range,Positive
diner famous brand dealing garments range located chowk fawara bahawalpur,Positive
nice place,Positive
good variety clothes available easy approach location farawa chowk bwp,Positive
beautyfull low price,Positive
brand comfort excellent clothing abit experience,Positive
wide variety sale prices reasonable,Positive
visited party wear low collection,Negative
always shop,Positive
best quality high rates,Positive
small collection shoes clothing good,Neutral
excellent customer service almost sort clothing available,Positive
get nice variety,Positive
fine place wide range fine fabric,Positive
good place shop mens cloths,Positive
good products one floor,Positive
super store,Positive
good stuff variety choices availble one roof qualty good also economialcal,Positive
good store men dressing near fwara chock,Positive
dinrs absolutely world class fabric sort graceful,Positive
much expensive poor quality disappointed,Negative
nice costly brand shop,Neutral
good garments collection,Positive
good clothes stuff available,Positive
good quality fabric reasonable price,Positive
excellent quality good number variety,Positive
best place garments shopping,Positive
good place fo garments,Positive
nice experience win diners clothing,Positive
enough stuff service best,Positive
variety ages,Positive
quality diners good,Positive
verry high price,Positive
nice,Positive
didnt like,Negative
good suits pricey,Neutral
good shop careful u go change return behaviour irritating,Negative
best place shopping bwp,Positive
good shop purchase,Positive
good,Positive
new articles available,Negative
costly well counter guy rude ask discount like asked kidney lol p,Negative
costly nice brand,Neutral
average designs,Neutral
kids brand,Positive
amazing great,Positive
good quality products,Positive
good place clothing,Positive
nice place good choice,Positive
new collection,Positive
love,Positive
nice place things little bit expensive,Neutral
good expencvie,Positive
good stuff,Positive
excellent blazers,Positive
good place,Positive
good outlet,Positive
suiting superb,Positive
nice,Positive
ok,Positive
good shopping,Positive
great shopping center,Positive
excellent stuff,Positive
top brand,Positive
good place,Positive
super store,Positive
expensive clothing,Positive
expensive good,Neutral
great,Positive
nice clothing,Positive
good,Negative
costly place shoping,Negative
limited variety,Negative
good expensive store,Positive
good expensive place,Positive
cooporative employees,Positive
good,Positive
recommend,Positive
good people,Positive
fine,Positive
nice store,Positive
nice collection,Positive
expensive,Negative
flop,Negative
brand,Positive
nice place shopping,Positive
good one,Positive
nice,Positive
cloth market,Positive
buy standard garments,Positive
high prices,Positive
brand name,Positive
decent collection,Positive
awesome,Positive
good,Positive
nice brand,Positive
good store,Positive
great experience,Positive
nice,Positive
nice,Positive
quality average,Neutral
good place,Positive
brand store,Positive
best services,Positive
nice mall,Positive
costly,Negative
average,Positive
expensive,Negative
good,Positive
expensive,Negative
luxury,Positive
expensive,Positive
good,Positive
value chain,Positive
full variety,Positive
great size,Positive
nice shop,Positive
impressive,Negative
nice store,Positive
branded garments,Positive
superb,Positive
expensive must buy sale decent suiting,Neutral
good shop,Positive
average stuff high price,Positive
good place,Positive
brand requires money,Neutral
v nice,Positive
wow,Positive
nice place shopping reasonable rate good variety,Positive
quality vise best place,Positive
amazing clothes amazing quality especially women clothing prints material good clothes expensive side budget friendly,Positive
good brand clothing bahawalpur really recommend buy winter clothes winter collection ace wonderful clothes well refined stitched recommend visit place buying winter clothes appreciated,Positive
good,Positive
shop good low articles,Neutral
awesome place shopping good quality fabric available,Positive
items brought place matter live manage purchase,Neutral
beautidul dresses wesome stuff high prices,Neutral
well maintaimed place get good wearing options,Positive
expensive visited good marketing rarely bought anything,Negative
good price good stuff garments clothes,Positive
great store shop daily base shopping,Positive
nice place shopping,Positive
shopping mall located heart city garments excellent quality,Positive
good place family season cloth shoping,Positive
good place shoping,Positive
eden robe one popular unique brand pakistan products quite costly product good wear love brand one personal use experience product good feel really happy products qualities among brands,Positive
good place shopping,Positive
good place expensive well going kids shoes itsnotthe right place,Negative
goos shoping place bahawalpur,Positive
reasonable price good staff,Positive
everything right fine,Positive
quality product first shopping place bahawalpur,Positive
liked brand,Positive
good place shopping,Positive
best place buy shirts kurtas,Positive
good place shopping,Positive
like purchase casual shirts,Positive
one best clothing store bahawalpur,Positive
good shipping point,Positive
staff behaviour need improve,Negative
nice collection store,Positive
edenrobe pretty good,Positive
shopped necessary items,Neutral
best place garments shopping,Positive
excellent service find best product good price,Positive
find good beautiful stylish clothes kids women good men prices much high ok,Neutral
one costly nice place,Positive
beautiful shopping center,Positive
ok,Positive
good choice,Positive
great experience highly cooperative staff excellent quality,Positive
good place buy pants shirts shalwar qameez,Positive
nice place shopping,Positive
nice place,Positive
good,Positive
good,Positive
qaisar sb edenrob prince,Positive
outstanding quality,Positive
expensive,Positive
shoping place garments etc,Positive
male kurtas variety eexcellent,Positive
nice shop different clothes categories,Positive
loving good place shopping,Positive
present inside ace shopping mall eden robe one pioneers branded clothing bahawalpur attained fame complete range cultural western styled clothes provides best fabric large range variety popular among residents town,Positive
nice shopping mall clothes everything,Positive
good quality jersies upper everything want men women kids,Positive
good quality stuff medium price range,Positive
nice mall bahawalpur,Positive
everything edenrobe superb quality also good,Positive
funtastic place shopping items related child women man shopping,Positive
outstanding quality,Positive
expensive,Negative
male kurtas variety eexcellent,Positive
nice shop different clothes categories,Positive
loving good place shopping,Positive
nice shopping mall clothes everything,Positive
good quality jersies upper everything want men women kids,Positive
good quality stuff medium price range,Positive
nice mall bahawalpur,Positive
everything edenrobe superb quality also good,Positive
funtastic place shopping items related child women man shopping,Positive
one best shopping area city,Positive
good shoping mall reasonable price star rating,Positive
nice place,Positive
best place shopping,Positive
like shalwar suit good clothing stuff nice stitching,Positive
excellent quality stuffdesigning n specialy tailoring,Positive
local products plaza,Negative
good clothes women whole bunch makeup selection area,Positive
lovely place shoping,Positive
always wrost collection every season dont go,Negative
good,Positive
good apparels stitched suiting variety ethnic n suiting lovers,Positive
good quality products,Positive
good choice shoping,Positive
nice place shop brands,Positive
decent shopping complex,Positive
awesome staff clothes class legacy,Positive
great place shopping fashion garments seasons,Positive
best place wedding shopping,Positive
avg,Neutral
good varieties types clothes,Positive
best shopping mall bahawalpur,Positive
wonderful place shopping,Positive
beautiful place,Positive
good stuff expensive,Positive
good departmental store,Positive
good place shopping,Positive
much pricy visit bissino j,Negative
nice place shopping,Positive
good place,Positive
love visit,Positive
always loved shopping,Positive
best pace shopping,Positive
price high quality good,Positive
good shopping mall,Positive
good place shopping,Positive
fabric absolutelyl soft graceful thank,Positive
clothing western traditional,Positive
good shop garments whole family,Positive
good varieties ace present,Positive
nice expensive,Neutral
outstanding good,Positive
nice,Positive
costly,Negative
bad experience,Negative
cool place,Positive
amazing mall,Positive
nice cloth quality,Positive
good,Positive
awesome,Positive
bit expensive though,Negative
good mall,Positive
okay,Neutral
good quality product,Positive
nice,Positive
nice stuff variety,Positive
nice brand,Positive
best price quality,Positive
good brand quality stuff,Positive
good,Positive
good expensive,Neutral
located inside ace bahawalpur little bit expensive,Neutral
mostly,Positive
best shopping,Positive
ok,Neutral
best clothes,Positive
nice place,Positive
good shopping,Positive
costly,Negative
good environment,Positive
good one,Positive
nice sooting costly,Neutral
nice place,Positive
awesome quality,Positive
shopping good,Positive
everthing available ace,Positive
good buy winter,Positive
excellent variety clothes ages,Positive
nice place shoping,Positive
moderate,Neutral
excellent,Positive
best place shoping,Positive
excellent,Positive
good,Positive
good stuff compared price,Positive
nice dressing variety,Positive
good shopping place,Positive
worth shopping place,Positive
good,Positive
good shoping place,Positive
good collection,Positive
good place shop,Positive
good place,Positive
good experience,Positive
quality,Positive
good,Positive
nice,Positive
love shop,Positive
brand lovers,Positive
one,Positive
quality shopping,Positive
reasonable price fabulous variety,Positive
ace goodwonderfull,Positive
wow shop,Positive
fit dresses,Positive
good,Positive
good,Positive
expensive,Negative
good,Positive
average type,Positive
brands,Positive
good,Positive
brand store,Positive
god,Positive
good place,Positive
good,Positive
satisfaction,Positive
hit,Positive
ok,Positive
good,Positive
good,Positive
worst customer service ever,Negative
nice place,Positive
good,Positive
fine,Positive
good stuff,Positive
medium type dressing articles,Positive
expensivebut quality,Positive
nice store,Positive
normal quality much prices,Positive
good,Positive
finely stitched,Positive
best place clothing expensive,Positive
nice place shopping,Positive
variety cloths mens kids,Positive
good,Positive
clothing store decent collection,Positive
nice shoping mall,Positive
decent collection,Positive
style,Positive
garments good option,Positive
fine,Positive
everything one place,Positive
good stuff xxl,Negative
everythings available,Positive
quality variety cloths,Positive
nice shoping center,Positive
ok type place little variety high prices,Positive
lovely awesome,Positive
good,Positive
best,Positive
costly except items,Negative
seasons stuff costly shopping mall townquality service,Positive
good,Positive
one best clothing brand office suits,Positive
shop good quality price,Positive
good shop kids youth middle aged generation staff manager helpful,Positive
bought winter shirt quality stuff prices r reasonable dealing well articles limited overall gud experience,Positive
good service,Positive
love paints,Positive
good place shopping,Positive
rates reasonable,Positive
â¤,Positive
good dealing well,Positive
ok,Positive
good,Positive
lack articals overall gud experience,Negative
discounted rates limited stock,Positive
good one staff good,Positive
affordable brand good quality garments,Positive
good place fir shopping,Positive
always great experience,Positive
sales good,Positive
awsome designes sale strategy better others staff cooperative designes repeated next season sizes fabric perfect,Positive
ok,Neutral
nice,Positive
awesome clothes,Positive
good quality stuff,Positive
nice,Positive
worth visit,Positive
awesome,Positive
good,Positive
good cloths choice,Negative
great,Positive
normal standard,Neutral
service nice workers pleasant,Positive
good place shopping good products medium range price,Positive
nice place purchas shirts trozers shorts economy price,Positive
quality good,Positive
clothes quality good,Positive
best town,Positive
fantastic shopping mall realized yesterday busy staff friendly honest,Positive
sky touching prices place try washroom product sale low quality never recommend,Positive
good,Positive
nice cheap case,Positive
substandard garments high price tags,Negative
garments variety,Positive
extremely expensive,Negative
nice shopping place,Positive
ready wear clothes,Positive
best,Positive
factory price shop,Positive
good locationalmost brands within meter rangestaff friendlysometimes lacks latest articles,Positive
good quality fabric lower side,Positive
ideas fan,Positive
variety sritch unstitch expensive clothes,Positive
like brand gull ahmad,Positive
nice,Positive
nice place shop,Positive
expensive top quality products,Positive
low quality compare prices,Positive
customer dealing bad,Negative
good,Positive
place brand conscious people,Positive
nice,Positive
nice,Positive
best,Positive
fantastic,Positive
clothing shop,Positive
fine,Positive
nice place,Positive
staff rude asking sizerates affordable,Negative
great experience amazing products reasonable sale price,Positive
well maintained outlet,Positive
good collection male female must visit eid shopping,Positive
always good visit junaid jamshed thank j,Positive
nice store kinds clothes baby baba ladies gents collection,Positive
good experience much stuffthey limited stock,Neutral
beautiful looking expensive products brand doubt love,Positive
best perfumes matchless fragrances,Positive
good place perfume lover standard cosmetic overall nice,Positive
best terms clothing,Positive
one staff person rude snatched away clothes pathetic customer service,Negative
overpriced expensive rates high without reason brands neighborhood much economical better quality prints,Negative
nice staff nice stuff purchase every type gents ladies staff,Positive
flat sale going good,Positive
hmmm good costly,Neutral
better expansive,Neutral
everything fineneed improvement management,Neutral
buy sales otherwise regret sale comes,Negative
lazy staff pushy,Negative
good place shop especially sales,Positive
beautiful dresses sale available every month,Neutral
friendly cooperative staff latest articles avaialable every season,Positive
amazing collection center come back soon,Positive
love place,Positive
good environment strict adherence sops,Positive
awesome branch,Positive
never found good quality stuff suits,Positive
unique good quality stuff,Positive
please remove contact num u donâ€™t time pick call,Neutral
place really amazing regarding clothes style trademark ofcource quality love fragrances also,Positive
good pakistani clothing casual formal wedding perfumes excellent upper floor ladies section get uncomfortably hot summer ac usually turned,Positive
nice clothes,Positive
good simple dresses fine quality,Positive
nothing say,Positive
nice cultural wears size issue always problem,Positive
variety stitched unstitched dresses gents ladies price also reasonable staff cooperative items special cost high perfumes also nice,Positive
ðÿ˜•ðÿ˜•ðÿ˜•i constantly trying contact getting response kindly contact problem little time ðÿ˜ “ ðÿ˜ “ ðÿ˜ “ ðÿ˜ “ ðÿ˜ “,Negative
best placemazaay u catch sale percent winter cloths outstanding,Positive
brand store wider space car parking staff friendly humble,Positive
best designed qurta clothes men women,Positive
nice place,Positive
liked,Positive
nice place shopping,Positive
excellent service stuff,Positive
good place visit shop stitch unstitch clothes,Positive
style clothing colorful ethnic staff energetic helpful allow shop piece mind necessary interruption,Positive
superb mindblowing behavior customers,Positive
good shoping,Positive
nice place shopping ladies gents suits somewhat costly good quality designs costumer care also good,Positive
good quality also good verity clothes price clothes high,Positive
design,Positive
welcoming staff n beautiful jewellery,Positive
visit,Neutral
good staff good clothes men women makeup perfumes good management,Positive
amazing clothes,Positive
like clothes,Positive
nice collection men women children perfumes also good,Positive
good place fabric stuff also good cozy,Positive
nice place,Positive
things available like garment good stuff especially krta,Positive
good clothing,Positive
big outlet j,Positive
good needs improvement,Positive
wonderful experience shopping j alhumdulillah,Positive
stuff staff good talk fragrances love place,Positive
excelent clothing brand male n female also fragrances beautifull taste groom collection beautifull n affordable vhelpful staffmust visit n enjoy,Positive
good brand many cities pakistan good fabric essential men women,Positive
nice dress shop experties shalwar kameezkurta,Positive
good verity nice place shopping,Positive
new ladies fashion,Positive
like junaid jamshed clothes,Positive
great,Positive
nice place like products,Positive
one city,Neutral
good place shopping,Positive
great,Positive
good place men women clothing,Positive
best cultural representative pakistani dresses,Positive
staff helpful altogether pleasant experience,Positive
nice,Positive
nice dresses,Positive
v nice collection perfumes specially zarrar kurta collection good unstiched suits also present special colors difficult find places like grace found,Positive
good place buy good pakistani clothes whole family,Positive
good lacks variety,Positive
nice place shop,Positive
good stuff nice quality,Positive
good place,Positive
classic trendy clothes shoes fragrance,Positive
junaid jamshed great shopping center,Positive
good place indeginous clothes,Positive
shop closed mention,Positive
love shop,Positive
beautiful j outlet,Positive
average men kurtas yet high prices cashing brand name,Negative
awesome please,Positive
nice place buy dresses,Positive
j costly,Positive
dont like quality,Negative
prices high,Negative
good place reasonable prices,Positive
good emergency clothing,Positive
sale upto going,Positive
nice collection,Positive
variety limited,Negative
good place buying clothes,Positive
atmosphere awesome,Positive
staff behavior good,Positive
nice,Positive
nice collection,Positive
endless variety one roof,Positive
cant find good clothes days,Negative
perfect design affordable prices,Positive
nice designs j,Positive
clothing brand j,Positive
good place eastern wear,Positive
outstanding shopping center,Positive
new arrivals,Positive
awesome,Positive
prices high,Positive
stunning,Positive
extremely slow service,Positive
wow,Positive
good,Positive
beat one,Positive
family shoping place,Positive
nice,Positive
experienced staff,Negative
awesome,Positive
good clothes,Positive
loved,Positive
good,Positive
boteeq railway road opposite panda hotel,Positive
good fabric,Positive
perfumes clothing store,Positive
brand store,Positive
good collection,Positive
good,Positive
extra high rates,Positive
excellent,Positive
nice place,Positive
traditional religious clothing,Positive
good,Positive
good,Positive
good stuff,Positive
awesome,Positive
expensive,Positive
limited quality,Positive
reminds junaid jamshed,Positive
level,Positive
excellent,Positive
good,Positive
excellent,Positive
nice,Positive
non cooperative staff,Negative
good outlet,Positive
bad,Positive
nice shop,Positive
nice place,Positive
love,Positive
best tailor bahawalpur,Positive
one best place town suiting,Positive
best tailor bahawalpur,Positive
best tailor,Positive
good,Positive
teler,Positive
one best tailor shop bwp,Positive
quality tailored two piece three pieces dress stitching,Positive
good cloth tailor stores,Positive
nice tailor,Positive
good tailoring shop,Positive
one good tailors,Positive
good,Positive
fine tailor bit expensive,Positive
fashion,Positive
expensive,Negative
khaadi best buy women dressed stuff best collection always awesome,Positive
ladies fashion brand everything,Positive
khaadi long ago visited fabric khaad good,Positive
typical khaadi store sells women clothing men home section missing branch good stuff available keep eye sale days,Neutral
good clothes brand bahawalpur,Positive
always good experience bit costly,Positive
nice place buy women clothes,Positive
thats awesome,Positive
best outfits ever,Positive
top class clothing brand country big store popular among women varieties clothes woman offers summer collection wide range varieties main location attractive â€¦,Positive
parking big issue,Negative
nice place shopping,Positive
khaadi always best love khaadi,Positive
shopping place expansive,Positive
limited designs limited colours present,Negative
good place,Positive
good,Positive
place find stiched instiched dresses winter clearance sale,Positive
good quality cloth shop women,Positive
good experience everything nice,Positive
love,Positive
khaadi brand person cant afford comfortable costly,Neutral
best place clothing,Positive
official store khadi bhawalpur best place,Positive
good,Positive
nice place like,Positive
nice designer store purchased gifts family members,Positive
clothes brand,Positive
best,Positive
branded awsome kpra,Positive
nice collection dresses available therethe staff polite guide properly,Positive
nice place shopping stich unstich clothes reasonable price,Positive
mother day sale goodand nice range clothes,Positive
awesome,Positive
good brand repeating colour scheme designs give us impressive look,Positive
best ever clothing male nd female special,Positive
like visit place,Positive
variety clothes,Positive
hack scheme lure stupids called sales looting hard earned money good innocent ignorant people,Positive
unprofessional staff skills make sale,Negative
unnecessarily expensive cheap stuff price recommended,Negative
famous among teenagers female clients,Positive
little collection shop must expand,Positive
good quality likely cloth design,Positive
good store outdated expensive clothes,Positive
nice range stitched unstitched clothes,Positive
good cloths men women kids,Positive
things excelent,Positive
khaadi nice outlet branded clothes,Positive
nice contemporary outlet khaadi,Positive
place worthy visit,Positive
good shop brand lovers,Positive
great place getting clothes,Positive
good brand shoping,Positive
good shop brand lovers,Positive
khadi brand best shopping,Positive
good clothing brand,Positive
good sale,Positive
good,Positive
good,Positive
nothing,Positive
price hogher,Positive
needs stuff,Positive
best shop best dress,Positive
nice place shopping,Positive
expensive,Negative
love,Positive
nice collection,Positive
good place,Positive
much expensive,Negative
nice staff good stuff,Positive
taxes high,Negative
awesome,Positive
good place shop,Positive
ok,Positive
good place,Positive
nice place,Positive
good clothing,Positive
economical,Positive
mostly collection ladies,Positive
grand,Positive
trendy,Positive
nothing say,Neutral
outstanding,Positive
good shopping,Positive
clothing market brands expensive,Negative
nice place,Positive
good environment,Positive
good,Positive
new khaadi store town design store awesome iconic design building bahawalpur overall ambiance good shopping unique design fabric,Positive
one best design brand ready wear clothes staff supportive professional best wear mask ask customers wear kids variety available go dc office branch,Positive
good quality stuff available store price also reasonable rather clothing stores bwp,Positive
goods fresh good staff,Positive
average normal variety maximum range hav,Neutral
favourite place buy ready wear clothes,Positive
ladies brand store bahawalpur near welcome chowk good variety affordable prices road access clean spacious,Positive
cheap quality products available,Positive
nice decor nice staff organised,Positive
price quality service matching,Positive
good place,Positive
nice ladies clothing collection ladies,Positive
economical stylish,Positive
good place,Positive
good shopping,Positive
love brand stock brand good,Positive
nice place ahoping,Positive
good staff,Positive
nice branded shop,Positive
nice collection even nicer staff customer service pleased people,Positive
good,Negative
nice place shopping,Positive
amazing,Positive
great experience good atmosphere positive attitude salesmen thumbs,Positive
good clothes retailer polite salesmen,Positive
good prints customer service good,Positive
good best ever dresses latest fashion,Positive
great,Positive
good suiting,Positive
good place quality cloths reasonable price,Positive
clothing store,Positive
something get stars,Positive
quality metirial available,Positive
small shop size,Negative
nice place stich unstich wearing must bh visited,Positive
good stuff best half,Positive
good place ladies stitch cloths,Positive
increase stock,Positive
nice designes females economicsl prices,Positive
good place designer cloths shopping,Positive
nice,Positive
nice,Positive
good brand bahawalpur clothes,Positive
good,Positive
nice place women clothes,Positive
good,Positive
best collection,Positive
nice combinational dresses jewellery,Positive
best clothes town,Positive
affordable clothing,Positive
expensive,Positive
great collection,Positive
good,Positive
great,Positive
nice stuff good price,Positive
good female dresses good,Positive
wonderful brand,Positive
good,Positive
nice brand,Positive
nice staff good center,Positive
nice costly,Positive
clothe brand fixed prices,Positive
trendy women clothing store,Positive
favourite place,Positive
wel done,Positive
lovely dresses,Positive
exclusive store women clothing,Positive
vgood,Positive
good,Positive
excellent,Positive
best,Positive
low quality,Positive
fantastic,Positive
average,Positive
prices r high,Positive
female dresses,Positive
lots variety,Positive
good one,Positive
good shop,Positive
good,Positive
ladies shopping,Positive
nice one,Positive
ok,Positive
popular ready clothes,Positive
awesome quality collection,Positive
best quality fabric design,Positive
non cooperative staff go name nishat,Positive
nice place take clothes house stuff bedsheets stallers n much,Positive
good store,Positive
nice store shopping,Positive
good place empty pocket,Positive
like always great experience warm welcome best customer service even better products love visit place,Positive
good place visit,Positive
nice place,Positive
good,Positive
one favourite outlet loved â¤,Positive
awesome verity clothes,Positive
much excited prints designes stiff fabric nodoubt good quality,Neutral
nice place ladies garment shoping,Positive
premium shopping place fabrics,Positive
always good experience whenever visit place shoping,Positive
awesome well organised place,Positive
less verity outlets lahore,Positive
one place shopping,Positive
good,Positive
nice,Positive
nice collection,Positive
good,Positive
fine store,Positive
good service,Positive
expensive amazing quality,Positive
excellent vendor,Positive
brand clothe store fixed prices,Positive
nice place visit,Positive
good,Positive
expensive good,Neutral
nishat linen bahawalpur good store,Positive
great,Positive
royal,Positive
nice,Positive
wonderful,Positive
wonderful,Positive
good,Positive
nice,Positive
v good,Positive
good variety types clothes fair prices,Positive
reasonable pricing,Positive
amazing customer services humble staff,Positive
great experience quality stuff,Positive
shoping,Neutral
good,Positive
nice brand low price good quality,Positive
good place shop,Positive
shopping brand,Positive
rates high compared quality,Positive
good quality western clothing affordable prices,Positive
shopping fare,Positive
good stuff price high,Positive
absolutely love still genuinely surprised quality material soon opened package material weight doesnt feel cheap thin flimsy soft touch warned â€¦,Positive
love always shop,Positive
buy baby clothes good collection,Positive
best place shopping buy every thing,Positive
good products nice staff,Positive
service perfect quality price affordable summer sale,Positive
always loved stuff,Positive
loved new winter collection,Positive
good branch dealing staff ok stock also reasonable maintained branches,Positive
organised clean supportive staff,Positive
outfitters store full range items average collection trendy stuff gents ladies kids new styles also displayed staff designs styles good purchased footware â€¦,Negative
better outlet,Positive
outfitters great expensive options,Positive
nice bought something today give try add review ðÿ˜‹ðÿ˜‡,Positive
love shoes,Positive
always favourite,Positive
nice stock,Positive
zero star disgraceful selling bad olddated stuff torn clothes branches,Negative
good brand,Positive
good quality products good service shop,Positive
shopping centre vast variety casual dresses watches available sensible prize,Negative
best baby collections,Positive
ok,Positive
amazing kids range,Positive
nice brands nice dezineoutclass,Positive
best one,Positive
one best clothig brand ages,Positive
peaceful nice place,Positive
bought baby shoe size smaller kid size asked plz confirm outlet placed haqi center confirmation said large size article available outlet visit haqi center half hour large size article available deceiving customers,Negative
much variety moderate prices,Positive
good stuff compared brands sizes issue always specially shoes,Positive
good place kind clothes,Positive
reasonable clothing prices reach,Positive
expensive garments,Positive
nice,Positive
awesome place shopping,Positive
nice place,Positive
upto sale currently nice collection casaual formal well must visit,Positive
good wow,Positive
dont updated stock sales boy rude helpful,Positive
good quality products,Positive
good shop,Positive
stuff good stitching mond blowing shirts color fade away sunlight beware,Positive
nice brand bwp,Positive
good sale,Positive
various variety casual lovers,Positive
complete range like lhr karachi stores,Neutral
bit expensive per quality,Positive
awsome,Positive
nice branding hear,Positive
best quality expensive,Positive
clothing store,Positive
,Positive
much variety,Positive
stock variety available,Positive
try room mostly closed,Negative
nice brand,Positive
variety wearables,Positive
good collection,Positive
nice brand,Positive
shortage variety,Negative
awesomely,Positive
waste,Negative
excellent,Positive
loved,Positive
good collection,Positive
good clothing brand,Positive
good clothes excellent environment staff behaviour good location outlet best fair parking space since day treating customers well,Positive
shop situated dubai chowk bahawal pur infront go petrol pump opposite side,Positive
sphaire clothing brand flagship shop bahawalpur,Positive
favorite clothing brand far clothes go stock fast restock bhi nai hoty,Positive
compact prime location city,Positive
good place family shopping,Positive
great place recently sale percent enjoyable women interested clothes quite expensive,Positive
nice products provide best quality products,Positive
good place visited shop sapphire cloth got good service quality things shop good quailty cloths shop great nice place suggest go enjoy love place thank nice day friends,Positive
expensive,Negative
good customer service,Positive
winter collection female perfumes good,Positive
neat clean,Positive
personally dont recommend place,Positive
experience good always appreciate vibrant colours unique designs,Positive
best place ladies kids shopping,Positive
best place eat,Positive
ok,Positive
best place u find clothes food also lodging service,Positive
best ground sports,Positive
little expensive high quality,Neutral
good,Positive
rushed point,Positive
awesome place shopping,Positive
never go ok,Neutral
parking big issue,Positive
always good stuff,Positive
good shopping mall lov shopping,Positive
good outlet bwp,Positive
nice shopping rates higher market,Positive
one brand u trust,Positive
good place spend mony much,Positive
batter clothes,Positive
branded clothes shoping maal hotel,Positive
nice,Positive
good,Positive
good,Positive
main road staff helpful,Positive
nice place,Positive
actually love place prints stuff outstanding different others like nl warda seems tooo typical specially bahawalpur sapphire better important thing offer whole cool stuff sales jewelry section goggles weakness ðÿ ’ â¤ï¸,Positive
cooperative staff need work returnchange policy,Positive
poor quality services sale days throw clothes like dogs inhuman attitude also owner enjoys snatching women promote vulgar services also record videos customers cctv enjoy,Negative
yes u must visit sapphire put sale,Positive
expensive clothes good place middle class persons,Positive
well managed new arrivals fresh designed dresses,Positive
really good,Positive
nice environment great styles choices unique,Positive
good,Positive
flagship sapphire clothing outlet easily accessible ambiant cozy place far posh stores line,Positive
awesome summer collection need restocking stock good stuff,Positive
amazing management,Positive
helpful staff especially hammad highly recommend,Positive
pizza better quality offers new deals relatively better place,Positive
great brand great roof,Positive
descent market,Positive
good shopping place comparatively lesser variety,Positive
great shopping mall,Positive
buy stitched clothes manswomens kids,Positive
well behaved staff,Positive
sapphire good shop fpr cloths,Positive
clothes expencieve,Positive
sapphire colth avenue mall best shopping mall,Positive
nice bright location easy access free parking,Positive
avarage range awsome cloths gantes ðÿšº,Neutral
pathetic discipline worse managementthey offer sale manage crowd plus stock put min backup plan worse experience hate,Negative
best point bahawalpur,Positive
clothes quality awesome,Positive
store close pm information r multan visited outlet pm entry customers staff behaviour rude usso advised everyone ever visit bahawlpur outletwhynot u open outlet multan,Negative
good,Positive
big outlet good parking space,Positive
nice collection times old one,Neutral
nice,Positive
nice,Positive
good collection ladies clothes,Positive
favorite brand clothing,Positive
boss town,Positive
good,Positive
must visit,Positive
nice,Positive
best ladies clothing town,Positive
amloving,Positive
trust,Positive
best cloths,Positive
good one,Positive
beautiful shopping mall,Positive
nice place,Positive
fashion,Positive
good place,Positive
shopping eating,Positive
best cloth store bahawalpur,Positive
costly,Negative
nice,Positive
good place shopping,Positive
nice place,Positive
branded clothes shopping,Positive
good place,Positive
best stuff,Positive
expensive good clothong,Positive
beautiful shopping experience,Positive
tooo good,Positive
good,Positive
great mall,Positive
nyc,Positive
nice,Positive
big stores poor parking,Negative
good,Positive
rude manager,Positive
good,Positive
lovely,Positive
great,Positive
experience,Positive
wow,Positive
branded,Positive
ladies shopping,Positive
brand,Positive
clothes house,Positive
good,Positive
like,Positive
great,Positive
good,Positive
costly,Positive
costly,Negative
extraordinary shopping,Positive
good place,Positive
average place,Positive
ok,Positive
nice,Positive
best clothing,Positive
costly cloths shop,Negative
good clothing outlet females,Positive
good place,Positive
good place shop,Positive
compatible price,Positive
ok variety expensive,Neutral
satisfied,Positive
nice,Positive
good clothes,Positive
good shop,Positive
average variety available,Neutral
awesome,Positive
poor services,Positive
superb variety elegant designs,Positive
nice place,Positive
good place buy clothes,Positive
good environment,Positive
nice store,Positive
best,Positive
good,Positive
nice place,Positive
manager outlet useless person busy petty matters look busy nothing telling everyone company providing staff two counters two individuals dealing long ques sell â€¦,Negative
costly good stuff,Neutral
loved,Positive
good stuff nice quality stiching need improvement caller color quality,Positive
nice collection men clothing,Positive
worst place buy garments bought two trousers bahawalpur tried one since size however later found one didnt try smaller waist took trousers back store salesman â€¦,Positive
good place visited shop got good service quality things shop good quailty dresses shop great nice place suggest go enjoy love place thank nice day friends,Positive
staff cooperative polite wide range clothing available also stitch suites order takes around days alteration clothes available well ðÿ™‚,Positive
uniworth black recommended super fine quality stiching,Positive
franchise famous brand shirt tie quality dress shirt pants soots available,Positive
experience formal dressing great brand disappointed service defective fabric claim went worst customer service experience trouser faded like hell within home â€¦,Neutral
fine mens wear,Positive
love,Positive
love place really,Positive
alteration service little slow,Positive
need,Neutral
reasonable shirts every thing,Positive
awsome services quality expensive,Positive
best brand,Positive
best place formal suiting,Positive
ðÿ ‘ ,Positive
great shopping place,Positive
normal price range outlet,Positive
favorite brand,Positive
good brand new collection,Positive
loved,Positive
good place,Positive
famous formal wear men collection,Positive
name quality,Positive
nice brand,Positive
good,Positive
nice place dress,Positive
good place office dresses court pant,Positive
quality,Positive
brads shop,Positive
verity brands,Positive
classy,Positive
quality stuff,Positive
nice dresses,Positive
good clothing,Positive
good,Positive
wow,Positive
good,Positive
awesome,Positive
good shop shirt ties,Positive
garments store avail jeans shirts pants,Positive
